x,y, z,Date,rain
1,1,1,1/31/03,6.55
2,1,1,2/28/03,1.61
3,1,1,3/31/03,5.01
4,1,1,4/30/03,2.27
5,1,1,5/31/03,0.91
6,1,1,6/30/03,0.49
7,1,1,7/31/03,0.12
8,1,1,8/31/03,0.33
9,1,1,9/30/03,0.97
10,1,1,10/31/03,6.32
11,1,1,11/30/03,2.54
12,1,1,12/31/03,3.19
1,2,1,1/31/04,4.23
2,2,1,2/29/04,2.19
3,2,1,3/31/04,1.72
4,2,1,4/30/04,0.55
5,2,1,5/31/04,2.54
6,2,1,6/30/04,0.36
7,2,1,7/31/04,0.24
8,2,1,8/31/04,2.3
9,2,1,9/30/04,1.37
10,2,1,10/31/04,2.12
11,2,1,11/30/04,2.16
12,2,1,12/31/04,4.5
1,3,1,1/31/05,2.33
2,3,1,2/28/05,0.8
3,3,1,3/31/05,2.59
4,3,1,4/30/05,2.68
5,3,1,5/31/05,2.23
6,3,1,6/30/05,2
7,3,1,7/31/05,0.66
8,3,1,8/31/05,0.27
9,3,1,9/30/05,0.99
10,3,1,10/31/05,2.44
11,3,1,11/30/05,4.38
12,3,1,12/31/05,6.55
1,4,1,1/31/06,9.02
2,4,1,2/28/06,2.95
3,4,1,3/31/06,1.04
4,4,1,4/30/06,1.96
5,4,1,5/31/06,1.37
6,4,1,6/30/06,1.07
7,4,1,7/31/06,0.12
8,4,1,8/31/06,0.15
9,4,1,9/30/06,1.45
10,4,1,10/31/06,1.87
11,4,1,11/30/06,10.38
12,4,1,12/31/06,6.73
1,5,1,1/31/07,2.63
2,5,1,2/28/07,1.6
3,5,1,3/31/07,2.87
4,5,1,4/30/07,0.16
5,5,1,5/31/07,0
6,5,1,6/30/07,0.6
7,5,1,7/31/07,1.5
8,5,1,8/31/07,1.05
9,5,1,9/30/07,2.14
10,5,1,10/31/07,3.28
11,5,1,11/30/07,2.96
12,5,1,12/31/07,10.53
1,6,1,1/31/08,4.37
2,6,1,2/29/08,1.46
3,6,1,3/31/08,3.53
4,6,1,4/30/08,2.85
5,6,1,5/31/08,0.85
6,6,1,6/30/08,2.12
7,6,1,7/31/08,0.28
8,6,1,8/31/08,3.16
9,6,1,9/30/08,0.88
10,6,1,10/31/08,2.15
11,6,1,11/30/08,4.81
12,6,1,12/31/08,4.76
1,7,1,1/31/09,3.43
2,7,1,2/28/09,2.04
3,7,1,3/31/09,4.26
4,7,1,4/30/09,2.75
5,7,1,5/31/09,3.9
6,7,1,6/30/09,0.31
7,7,1,7/31/09,0.22
8,7,1,8/31/09,0.75
9,7,1,9/30/09,2.5
10,7,1,10/31/09,5.71
11,7,1,11/30/09,10.92
12,7,1,12/31/09,3.11
1,8,1,1/31/10,7.82
2,8,1,2/28/10,4.05
3,8,1,3/31/10,3.65
4,8,1,4/30/10,3.35
5,8,1,5/31/10,3.19
6,8,1,6/30/10,2.34
7,8,1,7/31/10,0.17
8,8,1,8/31/10,0.82
9,8,1,9/30/10,3.49
10,8,1,10/31/10,3.57
11,8,1,11/30/10,4.64
12,8,1,12/31/10,8.36
1,9,1,1/31/11,4.72
2,9,1,2/28/11,3.83
3,9,1,3/31/11,7.66
4,9,1,4/30/11,3.74
5,9,1,5/31/11,3.02
6,9,1,6/30/11,1.4
7,9,1,7/31/11,0.75
8,9,1,8/31/11,0.07
9,9,1,9/30/11,1
10,9,1,10/31/11,3.13
11,9,1,11/30/11,6.13
12,9,1,12/31/11,1.67
1,10,1,1/31/12,4.97
2,10,1,2/29/12,3.62
3,10,1,3/31/12,6.65
4,10,1,4/30/12,2.33
5,10,1,5/31/12,1.87
6,10,1,6/30/12,3.5
7,10,1,7/31/12,1.73
8,10,1,8/31/12,0
9,10,1,9/30/12,0.38
10,10,1,10/31/12,5.82
11,10,1,11/30/12,8.79
12,10,1,12/31/12,9.88
1,11,1,1/31/13,4.8
2,11,1,2/28/13,1.89
3,11,1,3/31/13,2.82
4,11,1,4/30/13,5.28
5,11,1,5/31/13,1.41
6,11,1,6/30/13,1.8
7,11,1,7/31/13,0.05
8,11,1,8/31/13,0.96
9,11,1,9/30/13,5.06
10,11,1,10/31/13,0.98
11,11,1,11/30/13,2.8
12,11,1,12/31/13,1.37
1,12,1,1/31/14,4.24
2,12,1,2/28/14,5.59
3,12,1,3/31/14,9.06
4,12,1,4/30/14,3.23
5,12,1,5/31/14,2.26
6,12,1,6/30/14,1.22
7,12,1,7/31/14,1.28
8,12,1,8/31/14,1.62
9,12,1,9/30/14,2.73
10,12,1,10/31/14,6.76
11,12,1,11/30/14,5.08
12,12,1,12/31/14,6.09
1,1,2,1/31/03,7.35
2,1,2,2/28/03,1.81
3,1,2,3/31/03,5.88
4,1,2,4/30/03,3.15
5,1,2,5/31/03,1.49
6,1,2,6/30/03,0.89
7,1,2,7/31/03,0.18
8,1,2,8/31/03,0.46
9,1,2,9/30/03,0.2
10,1,2,10/31/03,7.75
11,1,2,11/30/03,4.51
12,1,2,12/31/03,3.9
1,2,2,1/31/04,5.88
2,2,2,2/29/04,2.75
3,2,2,3/31/04,1.95
4,2,2,4/30/04,0.76
5,2,2,5/31/04,2.21
6,2,2,6/30/04,0.73
7,2,2,7/31/04,0.32
8,2,2,8/31/04,2.42
9,2,2,9/30/04,2.11
10,2,2,10/31/04,2.62
11,2,2,11/30/04,3.15
12,2,2,12/31/04,4.83
1,3,2,1/31/05,2.95
2,3,2,2/28/05,1.03
3,3,2,3/31/05,5.74
4,3,2,4/30/05,2.42
5,3,2,5/31/05,2.69
6,3,2,6/30/05,2.31
7,3,2,7/31/05,0.89
8,3,2,8/31/05,0.29
9,3,2,9/30/05,0.92
10,3,2,10/31/05,2.41
11,3,2,11/30/05,4.86
12,3,2,12/31/05,7.1
1,4,2,1/31/06,9.71
2,4,2,2/28/06,3.32
3,4,2,3/31/06,1.24
4,4,2,4/30/06,2.02
5,4,2,5/31/06,2.3
6,4,2,6/30/06,1.93
7,4,2,7/31/06,0.02
8,4,2,8/31/06,0.16
9,4,2,9/30/06,1.78
10,4,2,10/31/06,1.95
11,4,2,11/30/06,11.79
12,4,2,12/31/06,7.04
1,5,2,1/31/07,2.91
2,5,2,2/28/07,1.75
3,5,2,3/31/07,2.65
4,5,2,4/30/07,0.02
5,5,2,5/31/07,0
6,5,2,6/30/07,0.51
7,5,2,7/31/07,1.39
8,5,2,8/31/07,1.06
9,5,2,9/30/07,1.88
10,5,2,10/31/07,2.65
11,5,2,11/30/07,2.72
12,5,2,12/31/07,9.32
1,6,2,1/31/08,3.95
2,6,2,2/29/08,1.4
3,6,2,3/31/08,3.57
4,6,2,4/30/08,2.16
5,6,2,5/31/08,0.8
6,6,2,6/30/08,1.81
7,6,2,7/31/08,0.37
8,6,2,8/31/08,3.04
9,6,2,9/30/08,0.78
10,6,2,10/31/08,2.43
11,6,2,11/30/08,4.65
12,6,2,12/31/08,4.11
1,7,2,1/31/09,3.33
2,7,2,2/28/09,2.07
3,7,2,3/31/09,3.8
4,7,2,4/30/09,2.86
5,7,2,5/31/09,3.76
6,7,2,6/30/09,0.2
7,7,2,7/31/09,0.2
8,7,2,8/31/09,0.77
9,7,2,9/30/09,2.46
10,7,2,10/31/09,5.3
11,7,2,11/30/09,8.41
12,7,2,12/31/09,2.19
1,8,2,1/31/10,6.41
2,8,2,2/28/10,2.83
3,8,2,3/31/10,3.1
4,8,2,4/30/10,2.75
5,8,2,5/31/10,3.53
6,8,2,6/30/10,2.26
7,8,2,7/31/10,0.12
8,8,2,8/31/10,0.73
9,8,2,9/30/10,3.66
10,8,2,10/31/10,3.7
11,8,2,11/30/10,4.45
12,8,2,12/31/10,7.55
1,9,2,1/31/11,5.08
2,9,2,2/28/11,3.11
3,9,2,3/31/11,5.78
4,9,2,4/30/11,3.1
5,9,2,5/31/11,2.78
6,9,2,6/30/11,1.48
7,9,2,7/31/11,0.55
8,9,2,8/31/11,0.09
9,9,2,9/30/11,0.85
10,9,2,10/31/11,2.94
11,9,2,11/30/11,5.66
12,9,2,12/31/11,1.52
1,10,2,1/31/12,4.69
2,10,2,2/29/12,2.78
3,10,2,3/31/12,5.28
4,10,2,4/30/12,2.16
5,10,2,5/31/12,2.68
6,10,2,6/30/12,3.22
7,10,2,7/31/12,1.56
8,10,2,8/31/12,0
9,10,2,9/30/12,0.25
10,10,2,10/31/12,5.3
11,10,2,11/30/12,7.76
12,10,2,12/31/12,7.51
1,11,2,1/31/13,4.74
2,11,2,2/28/13,1.56
3,11,2,3/31/13,2.7
4,11,2,4/30/13,4.3
5,11,2,5/31/13,1.15
6,11,2,6/30/13,1.91
7,11,2,7/31/13,0.03
8,11,2,8/31/13,0.94
9,11,2,9/30/13,5.08
10,11,2,10/31/13,1.19
11,11,2,11/30/13,3.03
12,11,2,12/31/13,1.51
1,12,2,1/31/14,4.07
2,12,2,2/28/14,5.45
3,12,2,3/31/14,8.76
4,12,2,4/30/14,3.07
5,12,2,5/31/14,2.28
6,12,2,6/30/14,1.34
7,12,2,7/31/14,1.54
8,12,2,8/31/14,1.67
9,12,2,9/30/14,3.76
10,12,2,10/31/14,8.39
11,12,2,11/30/14,6.14
12,12,2,12/31/14,5.37
1,1,3,1/31/03,5.84
2,1,3,2/28/03,1.7
3,1,3,3/31/03,3.12
4,1,3,4/30/03,2.69
5,1,3,5/31/03,1.51
6,1,3,6/30/03,0.4
7,1,3,7/31/03,0.16
8,1,3,8/31/03,0.29
9,1,3,9/30/03,0.39
10,1,3,10/31/03,6.33
11,1,3,11/30/03,5.09
12,1,3,12/31/03,3.04
1,2,3,1/31/04,4.79
2,2,3,2/29/04,2.41
3,2,3,3/31/04,1.85
4,2,3,4/30/04,0.64
5,2,3,5/31/04,2.46
6,2,3,6/30/04,0.72
7,2,3,7/31/04,0.3
8,2,3,8/31/04,3.2
9,2,3,9/30/04,1.91
10,2,3,10/31/04,2.07
11,2,3,11/30/04,2.77
12,2,3,12/31/04,4.79
1,3,3,1/31/05,1.47
2,3,3,2/28/05,0.92
3,3,3,3/31/05,2.94
4,3,3,4/30/05,2.73
5,3,3,5/31/05,2.74
6,3,3,6/30/05,1.6
7,3,3,7/31/05,0.75
8,3,3,8/31/05,0.06
9,3,3,9/30/05,1.41
10,3,3,10/31/05,2.77
11,3,3,11/30/05,5.01
12,3,3,12/31/05,6.44
1,4,3,1/31/06,9.52
2,4,3,2/28/06,2.81
3,4,3,3/31/06,1.11
4,4,3,4/30/06,1.96
5,4,3,5/31/06,1.47
6,4,3,6/30/06,1.7
7,4,3,7/31/06,0.07
8,4,3,8/31/06,0.07
9,4,3,9/30/06,1.31
10,4,3,10/31/06,1.31
11,4,3,11/30/06,12.18
12,4,3,12/31/06,7.42
1,5,3,1/31/07,2.94
2,5,3,2/28/07,1.92
3,5,3,3/31/07,2.86
4,5,3,4/30/07,0.59
5,5,3,5/31/07,0
6,5,3,6/30/07,0
7,5,3,7/31/07,0.75
8,5,3,8/31/07,0.88
9,5,3,9/30/07,2.08
10,5,3,10/31/07,2.69
11,5,3,11/30/07,2.76
12,5,3,12/31/07,9.83
1,6,3,1/31/08,4.42
2,6,3,2/29/08,1.39
3,6,3,3/31/08,4.04
4,6,3,4/30/08,2.25
5,6,3,5/31/08,0.68
6,6,3,6/30/08,1.68
7,6,3,7/31/08,0.37
8,6,3,8/31/08,3.14
9,6,3,9/30/08,0.73
10,6,3,10/31/08,2.27
11,6,3,11/30/08,4.65
12,6,3,12/31/08,4
1,7,3,1/31/09,3.72
2,7,3,2/28/09,1.82
3,7,3,3/31/09,3.75
4,7,3,4/30/09,2.97
5,7,3,5/31/09,4.29
6,7,3,6/30/09,0.11
7,7,3,7/31/09,0.1
8,7,3,8/31/09,0.76
9,7,3,9/30/09,2.05
10,7,3,10/31/09,4.98
11,7,3,11/30/09,8.72
12,7,3,12/31/09,2.23
1,8,3,1/31/10,6.69
2,8,3,2/28/10,3.2
3,8,3,3/31/10,2.92
4,8,3,4/30/10,2.96
5,8,3,5/31/10,3.03
6,8,3,6/30/10,2.56
7,8,3,7/31/10,0.18
8,8,3,8/31/10,0.82
9,8,3,9/30/10,3.71
10,8,3,10/31/10,3.92
11,8,3,11/30/10,4.46
12,8,3,12/31/10,8.39
1,9,3,1/31/11,5
2,9,3,2/28/11,3.44
3,9,3,3/31/11,6.19
4,9,3,4/30/11,3.22
5,9,3,5/31/11,2.87
6,9,3,6/30/11,1.5
7,9,3,7/31/11,0.54
8,9,3,8/31/11,0.06
9,9,3,9/30/11,0.94
10,9,3,10/31/11,3.05
11,9,3,11/30/11,6.12
12,9,3,12/31/11,1.54
1,10,3,1/31/12,5.3
2,10,3,2/29/12,2.85
3,10,3,3/31/12,6.5
4,10,3,4/30/12,2.24
5,10,3,5/31/12,2.34
6,10,3,6/30/12,3.29
7,10,3,7/31/12,1.27
8,10,3,8/31/12,0
9,10,3,9/30/12,0.2
10,10,3,10/31/12,5.85
11,10,3,11/30/12,8.58
12,10,3,12/31/12,8.94
1,11,3,1/31/13,4.21
2,11,3,2/28/13,1.67
3,11,3,3/31/13,2.77
4,11,3,4/30/13,4.85
5,11,3,5/31/13,1.3
6,11,3,6/30/13,1.56
7,11,3,7/31/13,0.09
8,11,3,8/31/13,1.02
9,11,3,9/30/13,4.8
10,11,3,10/31/13,0.9
11,11,3,11/30/13,2.58
12,11,3,12/31/13,1.25
1,12,3,1/31/14,4.05
2,12,3,2/28/14,5.42
3,12,3,3/31/14,8.54
4,12,3,4/30/14,3.07
5,12,3,5/31/14,2.2
6,12,3,6/30/14,0.9
7,12,3,7/31/14,0.98
8,12,3,8/31/14,1.29
9,12,3,9/30/14,2.69
10,12,3,10/31/14,6.02
11,12,3,11/30/14,4.7
12,12,3,12/31/14,5.29
1,1,4,1/31/03,6.48
2,1,4,2/28/03,1.49
3,1,4,3/31/03,5.01
4,1,4,4/30/03,2.56
5,1,4,5/31/03,1.4
6,1,4,6/30/03,0.34
7,1,4,7/31/03,0.51
8,1,4,8/31/03,0.26
9,1,4,9/30/03,0.91
10,1,4,10/31/03,5.23
11,1,4,11/30/03,5.15
12,1,4,12/31/03,2.69
1,2,4,1/31/04,5.88
2,2,4,2/29/04,2.75
3,2,4,3/31/04,1.95
4,2,4,4/30/04,0.76
5,2,4,5/31/04,2.21
6,2,4,6/30/04,0.73
7,2,4,7/31/04,0.32
8,2,4,8/31/04,2.2
9,2,4,9/30/04,1.83
10,2,4,10/31/04,2.36
11,2,4,11/30/04,2.78
12,2,4,12/31/04,4.76
1,3,4,1/31/05,2.8
2,3,4,2/28/05,0.95
3,3,4,3/31/05,2.39
4,3,4,4/30/05,2.56
5,3,4,5/31/05,2.45
6,3,4,6/30/05,1.79
7,3,4,7/31/05,0.7
8,3,4,8/31/05,0.27
9,3,4,9/30/05,1.21
10,3,4,10/31/05,2.42
11,3,4,11/30/05,4.29
12,3,4,12/31/05,6.31
1,4,4,1/31/06,8.84
2,4,4,2/28/06,3.21
3,4,4,3/31/06,1.18
4,4,4,4/30/06,2.14
5,4,4,5/31/06,1.38
6,4,4,6/30/06,1.29
7,4,4,7/31/06,0.04
8,4,4,8/31/06,0.15
9,4,4,9/30/06,1.38
10,4,4,10/31/06,0.93
11,4,4,11/30/06,12.26
12,4,4,12/31/06,7.29
1,5,4,1/31/07,2.53
2,5,4,2/28/07,1.77
3,5,4,3/31/07,2.79
4,5,4,4/30/07,1.38
5,5,4,5/31/07,0.14
6,5,4,6/30/07,0.15
7,5,4,7/31/07,1.61
8,5,4,8/31/07,1.11
9,5,4,9/30/07,2.34
10,5,4,10/31/07,2.95
11,5,4,11/30/07,2.98
12,5,4,12/31/07,10.03
1,6,4,1/31/08,4.23
2,6,4,2/29/08,1.51
3,6,4,3/31/08,3.62
4,6,4,4/30/08,2.76
5,6,4,5/31/08,0.76
6,6,4,6/30/08,2.21
7,6,4,7/31/08,0.37
8,6,4,8/31/08,3.4
9,6,4,9/30/08,0.76
10,6,4,10/31/08,2.3
11,6,4,11/30/08,5.02
12,6,4,12/31/08,4.77
1,7,4,1/31/09,3.76
2,7,4,2/28/09,2.11
3,7,4,3/31/09,4.45
4,7,4,4/30/09,3.08
5,7,4,5/31/09,3.7
6,7,4,6/30/09,0.24
7,7,4,7/31/09,0.15
8,7,4,8/31/09,0.83
9,7,4,9/30/09,2.44
10,7,4,10/31/09,6.06
11,7,4,11/30/09,9.56
12,7,4,12/31/09,2.59
1,8,4,1/31/10,7.21
2,8,4,2/28/10,3.17
3,8,4,3/31/10,3.07
4,8,4,4/30/10,3.02
5,8,4,5/31/10,3.66
6,8,4,6/30/10,2.42
7,8,4,7/31/10,0.14
8,8,4,8/31/10,0.73
9,8,4,9/30/10,4.02
10,8,4,10/31/10,3.76
11,8,4,11/30/10,4.97
12,8,4,12/31/10,8.02
1,9,4,1/31/11,4.9
2,9,4,2/28/11,3.33
3,9,4,3/31/11,6.63
4,9,4,4/30/11,3.24
5,9,4,5/31/11,3.01
6,9,4,6/30/11,1.24
7,9,4,7/31/11,0.65
8,9,4,8/31/11,0.09
9,9,4,9/30/11,1.02
10,9,4,10/31/11,3.27
11,9,4,11/30/11,6.68
12,9,4,12/31/11,1.69
1,10,4,1/31/12,5.26
2,10,4,2/29/12,3
3,10,4,3/31/12,5.93
4,10,4,4/30/12,2.2
5,10,4,5/31/12,2.1
6,10,4,6/30/12,3.42
7,10,4,7/31/12,1.76
8,10,4,8/31/12,0
9,10,4,9/30/12,0.27
10,10,4,10/31/12,5.85
11,10,4,11/30/12,7.96
12,10,4,12/31/12,8.53
1,11,4,1/31/13,4.54
2,11,4,2/28/13,1.67
3,11,4,3/31/13,2.79
4,11,4,4/30/13,4.86
5,11,4,5/31/13,1.54
6,11,4,6/30/13,2.23
7,11,4,7/31/13,0.11
8,11,4,8/31/13,0.99
9,11,4,9/30/13,4.91
10,11,4,10/31/13,0.98
11,11,4,11/30/13,3.04
12,11,4,12/31/13,1.52
1,12,4,1/31/14,4.07
2,12,4,2/28/14,5.12
3,12,4,3/31/14,8.69
4,12,4,4/30/14,3.37
5,12,4,5/31/14,2.45
6,12,4,6/30/14,1.16
7,12,4,7/31/14,1.33
8,12,4,8/31/14,1.64
9,12,4,9/30/14,2.64
10,12,4,10/31/14,6.89
11,12,4,11/30/14,4.56
12,12,4,12/31/14,5.5
1,1,5,1/31/03,7.57
2,1,5,2/28/03,1.11
3,1,5,3/31/03,5.09
4,1,5,4/30/03,2.2
5,1,5,5/31/03,0.43
6,1,5,6/30/03,0.57
7,1,5,7/31/03,0.17
8,1,5,8/31/03,0.37
9,1,5,9/30/03,0.66
10,1,5,10/31/03,6.59
11,1,5,11/30/03,5.76
12,1,5,12/31/03,3.14
1,2,5,1/31/04,4.81
2,2,5,2/29/04,2.65
3,2,5,3/31/04,1.68
4,2,5,4/30/04,0.38
5,2,5,5/31/04,1.94
6,2,5,6/30/04,0.57
7,2,5,7/31/04,0.3
8,2,5,8/31/04,2.89
9,2,5,9/30/04,2.24
10,2,5,10/31/04,2
11,2,5,11/30/04,1.05
12,2,5,12/31/04,4.2
1,3,5,1/31/05,3.82
2,3,5,2/28/05,1.1
3,3,5,3/31/05,3.32
4,3,5,4/30/05,4.03
5,3,5,5/31/05,3.4
6,3,5,6/30/05,2.01
7,3,5,7/31/05,0.75
8,3,5,8/31/05,0.57
9,3,5,9/30/05,0.33
10,3,5,10/31/05,2.15
11,3,5,11/30/05,4.13
12,3,5,12/31/05,6.02
1,4,5,1/31/06,9.3
2,4,5,2/28/06,2.86
3,4,5,3/31/06,1.39
4,4,5,4/30/06,1.9
5,4,5,5/31/06,0.99
6,4,5,6/30/06,1.56
7,4,5,7/31/06,0.1
8,4,5,8/31/06,0.04
9,4,5,9/30/06,1.56
10,4,5,10/31/06,0.65
11,4,5,11/30/06,11.78
12,4,5,12/31/06,8.56
1,5,5,1/31/07,3.93
2,5,5,2/28/07,1.26
3,5,5,3/31/07,2
4,5,5,4/30/07,0
5,5,5,5/31/07,0.01
6,5,5,6/30/07,0.63
7,5,5,7/31/07,1.42
8,5,5,8/31/07,1.16
9,5,5,9/30/07,2.31
10,5,5,10/31/07,2.1
11,5,5,11/30/07,2.94
12,5,5,12/31/07,9.59
1,6,5,1/31/08,3.45
2,6,5,2/29/08,0.94
3,6,5,3/31/08,3.08
4,6,5,4/30/08,1.65
5,6,5,5/31/08,0.63
6,6,5,6/30/08,1.57
7,6,5,7/31/08,0.2
8,6,5,8/31/08,2.65
9,6,5,9/30/08,0.51
10,6,5,10/31/08,2.08
11,6,5,11/30/08,5.18
12,6,5,12/31/08,3.96
1,7,5,1/31/09,4.53
2,7,5,2/28/09,1.4
3,7,5,3/31/09,3.14
4,7,5,4/30/09,2.96
5,7,5,5/31/09,3.82
6,7,5,6/30/09,0.24
7,7,5,7/31/09,0.11
8,7,5,8/31/09,0.96
9,7,5,9/30/09,1.87
10,7,5,10/31/09,4.92
11,7,5,11/30/09,9.13
12,7,5,12/31/09,2.77
1,8,5,1/31/10,7.12
2,8,5,2/28/10,3.64
3,8,5,3/31/10,3.03
4,8,5,4/30/10,3.65
5,8,5,5/31/10,2.97
6,8,5,6/30/10,2.09
7,8,5,7/31/10,0.18
8,8,5,8/31/10,0.64
9,8,5,9/30/10,4.18
10,8,5,10/31/10,4.71
11,8,5,11/30/10,4.63
12,8,5,12/31/10,8.78
1,9,5,1/31/11,4.5
2,9,5,2/28/11,2.95
3,9,5,3/31/11,6.26
4,9,5,4/30/11,3.41
5,9,5,5/31/11,3.16
6,9,5,6/30/11,0.79
7,9,5,7/31/11,0.82
8,9,5,8/31/11,0.06
9,9,5,9/30/11,1.34
10,9,5,10/31/11,2.54
11,9,5,11/30/11,5.14
12,9,5,12/31/11,2.07
1,10,5,1/31/12,5.72
2,10,5,2/29/12,2.87
3,10,5,3/31/12,6.08
4,10,5,4/30/12,2.42
5,10,5,5/31/12,2.11
6,10,5,6/30/12,2.21
7,10,5,7/31/12,1.08
8,10,5,8/31/12,0
9,10,5,9/30/12,0.03
10,10,5,10/31/12,6.32
11,10,5,11/30/12,7.71
12,10,5,12/31/12,7.9
1,11,5,1/31/13,2.83
2,11,5,2/28/13,1.49
3,11,5,3/31/13,2.46
4,11,5,4/30/13,3.72
5,11,5,5/31/13,1.68
6,11,5,6/30/13,1.2
7,11,5,7/31/13,0
8,11,5,8/31/13,0.92
9,11,5,9/30/13,5.33
10,11,5,10/31/13,1.52
11,11,5,11/30/13,2.83
12,11,5,12/31/13,1.01
1,12,5,1/31/14,3.4
2,12,5,2/28/14,5.55
3,12,5,3/31/14,7.93
4,12,5,4/30/14,2.65
5,12,5,5/31/14,2.4
6,12,5,6/30/14,0.54
7,12,5,7/31/14,0.57
8,12,5,8/31/14,1.21
9,12,5,9/30/14,1.96
10,12,5,10/31/14,6.58
11,12,5,11/30/14,4.46
12,12,5,12/31/14,5.42
1,1,6,1/31/03,4.47
2,1,6,2/28/03,1.5
3,1,6,3/31/03,5.15
4,1,6,4/30/03,2.49
5,1,6,5/31/03,1.59
6,1,6,6/30/03,0.94
7,1,6,7/31/03,0.89
8,1,6,8/31/03,1.33
9,1,6,9/30/03,1.92
10,1,6,10/31/03,6.72
11,1,6,11/30/03,6.47
12,1,6,12/31/03,4.68
1,2,6,1/31/04,5.43
2,2,6,2/29/04,2.08
3,2,6,3/31/04,1.72
4,2,6,4/30/04,0.55
5,2,6,5/31/04,2.31
6,2,6,6/30/04,0.36
7,2,6,7/31/04,0.24
8,2,6,8/31/04,3.03
9,2,6,9/30/04,1.93
10,2,6,10/31/04,2.53
11,2,6,11/30/04,2.49
12,2,6,12/31/04,5.02
1,3,6,1/31/05,2.86
2,3,6,2/28/05,0.93
3,3,6,3/31/05,2.79
4,3,6,4/30/05,2.61
5,3,6,5/31/05,2.44
6,3,6,6/30/05,2
7,3,6,7/31/05,0.56
8,3,6,8/31/05,0.18
9,3,6,9/30/05,1.06
10,3,6,10/31/05,2.38
11,3,6,11/30/05,4.45
12,3,6,12/31/05,6.94
1,4,6,1/31/06,9.07
2,4,6,2/28/06,2.82
3,4,6,3/31/06,1.11
4,4,6,4/30/06,1.89
5,4,6,5/31/06,1.09
6,4,6,6/30/06,1.23
7,4,6,7/31/06,0.12
8,4,6,8/31/06,0.11
9,4,6,9/30/06,1.06
10,4,6,10/31/06,1.45
11,4,6,11/30/06,10.83
12,4,6,12/31/06,6.91
1,5,6,1/31/07,3.03
2,5,6,2/28/07,1.4
3,5,6,3/31/07,2.62
4,5,6,4/30/07,0.95
5,5,6,5/31/07,0.1
6,5,6,6/30/07,0.5
7,5,6,7/31/07,1.45
8,5,6,8/31/07,1.04
9,5,6,9/30/07,1.99
10,5,6,10/31/07,3
11,5,6,11/30/07,2.87
12,5,6,12/31/07,9.96
1,6,6,1/31/08,4.14
2,6,6,2/29/08,1.24
3,6,6,3/31/08,3.77
4,6,6,4/30/08,2.53
5,6,6,5/31/08,0.71
6,6,6,6/30/08,2.1
7,6,6,7/31/08,0.4
8,6,6,8/31/08,3.17
9,6,6,9/30/08,0.81
10,6,6,10/31/08,1.99
11,6,6,11/30/08,4.81
12,6,6,12/31/08,3.85
1,7,6,1/31/09,3.3
2,7,6,2/28/09,1.8
3,7,6,3/31/09,4.19
4,7,6,4/30/09,2.73
5,7,6,5/31/09,4.12
6,7,6,6/30/09,0.27
7,7,6,7/31/09,0.12
8,7,6,8/31/09,0.77
9,7,6,9/30/09,2.4
10,7,6,10/31/09,5.25
11,7,6,11/30/09,10.84
12,7,6,12/31/09,2.95
1,8,6,1/31/10,7.37
2,8,6,2/28/10,3.9
3,8,6,3/31/10,3.34
4,8,6,4/30/10,3.25
5,8,6,5/31/10,3.32
6,8,6,6/30/10,2.5
7,8,6,7/31/10,0.12
8,8,6,8/31/10,0.76
9,8,6,9/30/10,3.44
10,8,6,10/31/10,3.52
11,8,6,11/30/10,4.69
12,8,6,12/31/10,8.93
1,9,6,1/31/11,4.3
2,9,6,2/28/11,3.88
3,9,6,3/31/11,8.08
4,9,6,4/30/11,3.32
5,9,6,5/31/11,3.2
6,9,6,6/30/11,1.23
7,9,6,7/31/11,1.06
8,9,6,8/31/11,0.05
9,9,6,9/30/11,1.04
10,9,6,10/31/11,3.23
11,9,6,11/30/11,6.37
12,9,6,12/31/11,1.68
1,10,6,1/31/12,4.92
2,10,6,2/29/12,2.97
3,10,6,3/31/12,6.35
4,10,6,4/30/12,2.19
5,10,6,5/31/12,1.84
6,10,6,6/30/12,3.15
7,10,6,7/31/12,2.65
8,10,6,8/31/12,0
9,10,6,9/30/12,0.38
10,10,6,10/31/12,6.18
11,10,6,11/30/12,9.18
12,10,6,12/31/12,9.99
1,11,6,1/31/13,4.33
2,11,6,2/28/13,1.82
3,11,6,3/31/13,2.8
4,11,6,4/30/13,4.98
5,11,6,5/31/13,1.57
6,11,6,6/30/13,2.1
7,11,6,7/31/13,0
8,11,6,8/31/13,1.08
9,11,6,9/30/13,4.88
10,11,6,10/31/13,0.98
11,11,6,11/30/13,2.79
12,11,6,12/31/13,1.11
1,12,6,1/31/14,4.39
2,12,6,2/28/14,5.62
3,12,6,3/31/14,8.8
4,12,6,4/30/14,3.22
5,12,6,5/31/14,2.25
6,12,6,6/30/14,1.11
7,12,6,7/31/14,1.02
8,12,6,8/31/14,1.46
9,12,6,9/30/14,2.67
10,12,6,10/31/14,6.54
11,12,6,11/30/14,4.86
12,12,6,12/31/14,6.26
1,1,7,1/31/03,7.39
2,1,7,2/28/03,1.56
3,1,7,3/31/03,5.14
4,1,7,4/30/03,2.5
5,1,7,5/31/03,0.98
6,1,7,6/30/03,0.75
7,1,7,7/31/03,0.21
8,1,7,8/31/03,0.57
9,1,7,9/30/03,0.63
10,1,7,10/31/03,6.99
11,1,7,11/30/03,5.93
12,1,7,12/31/03,4.58
1,2,7,1/31/04,5.93
2,2,7,2/29/04,2.56
3,2,7,3/31/04,1.7
4,2,7,4/30/04,0.55
5,2,7,5/31/04,2.59
6,2,7,6/30/04,0.86
7,2,7,7/31/04,0.35
8,2,7,8/31/04,3.03
9,2,7,9/30/04,1.93
10,2,7,10/31/04,2.78
11,2,7,11/30/04,2.56
12,2,7,12/31/04,4.77
1,3,7,1/31/05,3.33
2,3,7,2/28/05,0.88
3,3,7,3/31/05,2.84
4,3,7,4/30/05,3.03
5,3,7,5/31/05,2.88
6,3,7,6/30/05,1.45
7,3,7,7/31/05,0.32
8,3,7,8/31/05,0.53
9,3,7,9/30/05,0.84
10,3,7,10/31/05,2.37
11,3,7,11/30/05,4.62
12,3,7,12/31/05,7.34
1,4,7,1/31/06,9.38
2,4,7,2/28/06,2.63
3,4,7,3/31/06,1.22
4,4,7,4/30/06,1.98
5,4,7,5/31/06,0.98
6,4,7,6/30/06,1.26
7,4,7,7/31/06,0.16
8,4,7,8/31/06,0.05
9,4,7,9/30/06,1.06
10,4,7,10/31/06,1.51
11,4,7,11/30/06,10.61
12,4,7,12/31/06,7.26
1,5,7,1/31/07,3.59
2,5,7,2/28/07,1.63
3,5,7,3/31/07,2.8
4,5,7,4/30/07,0
5,5,7,5/31/07,0.01
6,5,7,6/30/07,0.37
7,5,7,7/31/07,1.23
8,5,7,8/31/07,0.75
9,5,7,9/30/07,1.88
10,5,7,10/31/07,2.5
11,5,7,11/30/07,3.16
12,5,7,12/31/07,9.31
1,6,7,1/31/08,4.2
2,6,7,2/29/08,1.2
3,6,7,3/31/08,3.77
4,6,7,4/30/08,2.15
5,6,7,5/31/08,0.53
6,6,7,6/30/08,1.78
7,6,7,7/31/08,0.46
8,6,7,8/31/08,2.86
9,6,7,9/30/08,0.61
10,6,7,10/31/08,1.82
11,6,7,11/30/08,5.08
12,6,7,12/31/08,3.68
1,7,7,1/31/09,3.73
2,7,7,2/28/09,1.86
3,7,7,3/31/09,3.51
4,7,7,4/30/09,2.79
5,7,7,5/31/09,4.18
6,7,7,6/30/09,0.17
7,7,7,7/31/09,0.09
8,7,7,8/31/09,0.82
9,7,7,9/30/09,2.31
10,7,7,10/31/09,5.29
11,7,7,11/30/09,9.51
12,7,7,12/31/09,2.62
1,8,7,1/31/10,7.19
2,8,7,2/28/10,3.74
3,8,7,3/31/10,3.3
4,8,7,4/30/10,3.07
5,8,7,5/31/10,3.47
6,8,7,6/30/10,2.19
7,8,7,7/31/10,0.18
8,8,7,8/31/10,0.77
9,8,7,9/30/10,3.43
10,8,7,10/31/10,3.88
11,8,7,11/30/10,4.65
12,8,7,12/31/10,8.75
1,9,7,1/31/11,4.84
2,9,7,2/28/11,3.59
3,9,7,3/31/11,7.3
4,9,7,4/30/11,3.14
5,9,7,5/31/11,3.08
6,9,7,6/30/11,1.19
7,9,7,7/31/11,0.86
8,9,7,8/31/11,0.06
9,9,7,9/30/11,1.03
10,9,7,10/31/11,2.93
11,9,7,11/30/11,5.61
12,9,7,12/31/11,1.55
1,10,7,1/31/12,4.9
2,10,7,2/29/12,2.65
3,10,7,3/31/12,5.43
4,10,7,4/30/12,1.77
5,10,7,5/31/12,1.79
6,10,7,6/30/12,2.82
7,10,7,7/31/12,1.76
8,10,7,8/31/12,0
9,10,7,9/30/12,0.28
10,10,7,10/31/12,5.78
11,10,7,11/30/12,8.67
12,10,7,12/31/12,9.04
1,11,7,1/31/13,3.77
2,11,7,2/28/13,1.49
3,11,7,3/31/13,2.53
4,11,7,4/30/13,4.68
5,11,7,5/31/13,1.93
6,11,7,6/30/13,1.55
7,11,7,7/31/13,0
8,11,7,8/31/13,1.15
9,11,7,9/30/13,5.63
10,11,7,10/31/13,1.14
11,11,7,11/30/13,2.55
12,11,7,12/31/13,0.95
1,12,7,1/31/14,3.89
2,12,7,2/28/14,4.88
3,12,7,3/31/14,8.3
4,12,7,4/30/14,2.6
5,12,7,5/31/14,2.24
6,12,7,6/30/14,0.98
7,12,7,7/31/14,0.81
8,12,7,8/31/14,1.13
9,12,7,9/30/14,2.35
10,12,7,10/31/14,5.93
11,12,7,11/30/14,4.38
12,12,7,12/31/14,5.39
1,1,8,1/31/03,7.31
2,1,8,2/28/03,1.73
3,1,8,3/31/03,5.01
4,1,8,4/30/03,1.45
5,1,8,5/31/03,0.93
6,1,8,6/30/03,0.79
7,1,8,7/31/03,0.06
8,1,8,8/31/03,0.22
9,1,8,9/30/03,0.99
10,1,8,10/31/03,7.04
11,1,8,11/30/03,5.63
12,1,8,12/31/03,4.58
1,2,8,1/31/04,5.93
2,2,8,2/29/04,2.56
3,2,8,3/31/04,1.7
4,2,8,4/30/04,0.55
5,2,8,5/31/04,2.59
6,2,8,6/30/04,0.86
7,2,8,7/31/04,0.35
8,2,8,8/31/04,3.03
9,2,8,9/30/04,1.93
10,2,8,10/31/04,2.81
11,2,8,11/30/04,3.15
12,2,8,12/31/04,5.15
1,3,8,1/31/05,3.39
2,3,8,2/28/05,0.97
3,3,8,3/31/05,3.14
4,3,8,4/30/05,3.06
5,3,8,5/31/05,2.69
6,3,8,6/30/05,1.85
7,3,8,7/31/05,0.84
8,3,8,8/31/05,0.58
9,3,8,9/30/05,0.82
10,3,8,10/31/05,2.34
11,3,8,11/30/05,4.57
12,3,8,12/31/05,7.4
1,4,8,1/31/06,9.37
2,4,8,2/28/06,2.69
3,4,8,3/31/06,1.47
4,4,8,4/30/06,2
5,4,8,5/31/06,1.01
6,4,8,6/30/06,1.19
7,4,8,7/31/06,0.08
8,4,8,8/31/06,0.06
9,4,8,9/30/06,0.94
10,4,8,10/31/06,1.48
11,4,8,11/30/06,10.63
12,4,8,12/31/06,6.94
1,5,8,1/31/07,2.8
2,5,8,2/28/07,1.87
3,5,8,3/31/07,2.64
4,5,8,4/30/07,0
5,5,8,5/31/07,0
6,5,8,6/30/07,0.47
7,5,8,7/31/07,1.42
8,5,8,8/31/07,0.88
9,5,8,9/30/07,2.13
10,5,8,10/31/07,2.79
11,5,8,11/30/07,2.95
12,5,8,12/31/07,9.99
1,6,8,1/31/08,4.61
2,6,8,2/29/08,1.37
3,6,8,3/31/08,3.88
4,6,8,4/30/08,2.25
5,6,8,5/31/08,0.64
6,6,8,6/30/08,1.95
7,6,8,7/31/08,0.25
8,6,8,8/31/08,3.15
9,6,8,9/30/08,0.75
10,6,8,10/31/08,2.18
11,6,8,11/30/08,5.74
12,6,8,12/31/08,4.03
1,7,8,1/31/09,3.77
2,7,8,2/28/09,2.1
3,7,8,3/31/09,4.04
4,7,8,4/30/09,3.34
5,7,8,5/31/09,4.27
6,7,8,6/30/09,0.16
7,7,8,7/31/09,0.11
8,7,8,8/31/09,0.89
9,7,8,9/30/09,2.3
10,7,8,10/31/09,5.88
11,7,8,11/30/09,9.94
12,7,8,12/31/09,2.6
1,8,8,1/31/10,7.62
2,8,8,2/28/10,3.9
3,8,8,3/31/10,3.34
4,8,8,4/30/10,3.53
5,8,8,5/31/10,3.6
6,8,8,6/30/10,2.71
7,8,8,7/31/10,0.22
8,8,8,8/31/10,0.96
9,8,8,9/30/10,4.12
10,8,8,10/31/10,4.29
11,8,8,11/30/10,5
12,8,8,12/31/10,9.46
1,9,8,1/31/11,5.46
2,9,8,2/28/11,3.89
3,9,8,3/31/11,7.58
4,9,8,4/30/11,3.42
5,9,8,5/31/11,3.3
6,9,8,6/30/11,1.33
7,9,8,7/31/11,0.74
8,9,8,8/31/11,0.11
9,9,8,9/30/11,1.13
10,9,8,10/31/11,3.61
11,9,8,11/30/11,6.88
12,9,8,12/31/11,1.83
1,10,8,1/31/12,5.6
2,10,8,2/29/12,3.23
3,10,8,3/31/12,6.72
4,10,8,4/30/12,2.42
5,10,8,5/31/12,2.17
6,10,8,6/30/12,3.66
7,10,8,7/31/12,1.71
8,10,8,8/31/12,0
9,10,8,9/30/12,0.26
10,10,8,10/31/12,6.89
11,10,8,11/30/12,9.32
12,10,8,12/31/12,10.01
1,11,8,1/31/13,4.5
2,11,8,2/28/13,1.77
3,11,8,3/31/13,2.76
4,11,8,4/30/13,5.08
5,11,8,5/31/13,1.85
6,11,8,6/30/13,1.92
7,11,8,7/31/13,0.03
8,11,8,8/31/13,1
9,11,8,9/30/13,5.14
10,11,8,10/31/13,1.14
11,11,8,11/30/13,2.79
12,11,8,12/31/13,1.24
1,12,8,1/31/14,4.54
2,12,8,2/28/14,5.55
3,12,8,3/31/14,9.73
4,12,8,4/30/14,3.37
5,12,8,5/31/14,2.6
6,12,8,6/30/14,1.12
7,12,8,7/31/14,0.99
8,12,8,8/31/14,1.29
9,12,8,9/30/14,2.69
10,12,8,10/31/14,6.46
11,12,8,11/30/14,4.95
12,12,8,12/31/14,6.08
1,1,9,1/31/03,5.42
2,1,9,2/28/03,1.18
3,1,9,3/31/03,5.68
4,1,9,4/30/03,1.78
5,1,9,5/31/03,0.83
6,1,9,6/30/03,0.33
7,1,9,7/31/03,0.14
8,1,9,8/31/03,0.68
9,1,9,9/30/03,0.4
10,1,9,10/31/03,7.39
11,1,9,11/30/03,4.71
12,1,9,12/31/03,4.13
1,2,9,1/31/04,5.04
2,2,9,2/29/04,2.59
3,2,9,3/31/04,2.21
4,2,9,4/30/04,0.38
5,2,9,5/31/04,1.46
6,2,9,6/30/04,0.57
7,2,9,7/31/04,0.3
8,2,9,8/31/04,2.93
9,2,9,9/30/04,2.24
10,2,9,10/31/04,2.05
11,2,9,11/30/04,2.73
12,2,9,12/31/04,4.16
1,3,9,1/31/05,4.24
2,3,9,2/28/05,1.17
3,3,9,3/31/05,3.86
4,3,9,4/30/05,3.72
5,3,9,5/31/05,3.06
6,3,9,6/30/05,3.57
7,3,9,7/31/05,1
8,3,9,8/31/05,0.44
9,3,9,9/30/05,1.02
10,3,9,10/31/05,2.78
11,3,9,11/30/05,6.13
12,3,9,12/31/05,7.06
1,4,9,1/31/06,12.61
2,4,9,2/28/06,3.3
3,4,9,3/31/06,1.67
4,4,9,4/30/06,2.72
5,4,9,5/31/06,1.5
6,4,9,6/30/06,1.59
7,4,9,7/31/06,0.05
8,4,9,8/31/06,0.05
9,4,9,9/30/06,1.97
10,4,9,10/31/06,1.56
11,4,9,11/30/06,14.68
12,4,9,12/31/06,7.83
1,5,9,1/31/07,4.28
2,5,9,2/28/07,3.16
3,5,9,3/31/07,4.66
4,5,9,4/30/07,0.55
5,5,9,5/31/07,0.13
6,5,9,6/30/07,1.15
7,5,9,7/31/07,1.43
8,5,9,8/31/07,1.14
9,5,9,9/30/07,2.66
10,5,9,10/31/07,3.55
11,5,9,11/30/07,3.57
12,5,9,12/31/07,9.37
1,6,9,1/31/08,3.53
2,6,9,2/29/08,1.39
3,6,9,3/31/08,4.09
4,6,9,4/30/08,1.71
5,6,9,5/31/08,1.33
6,6,9,6/30/08,1.64
7,6,9,7/31/08,0.51
8,6,9,8/31/08,3.49
9,6,9,9/30/08,0.74
10,6,9,10/31/08,2.18
11,6,9,11/30/08,6.08
12,6,9,12/31/08,3.94
1,7,9,1/31/09,3.92
2,7,9,2/28/09,1.75
3,7,9,3/31/09,4.25
4,7,9,4/30/09,3.67
5,7,9,5/31/09,4.6
6,7,9,6/30/09,0.56
7,7,9,7/31/09,0.06
8,7,9,8/31/09,1.08
9,7,9,9/30/09,2.49
10,7,9,10/31/09,6.06
11,7,9,11/30/09,10.07
12,7,9,12/31/09,2.8
1,8,9,1/31/10,6.81
2,8,9,2/28/10,3.6
3,8,9,3/31/10,4.43
4,8,9,4/30/10,4.05
5,8,9,5/31/10,3.46
6,8,9,6/30/10,2.66
7,8,9,7/31/10,0.34
8,8,9,8/31/10,0.59
9,8,9,9/30/10,3.94
10,8,9,10/31/10,5.71
11,8,9,11/30/10,5.17
12,8,9,12/31/10,9.71
1,9,9,1/31/11,6.13
2,9,9,2/28/11,3.59
3,9,9,3/31/11,7.31
4,9,9,4/30/11,4.63
5,9,9,5/31/11,3.14
6,9,9,6/30/11,1.55
7,9,9,7/31/11,0.8
8,9,9,8/31/11,0.09
9,9,9,9/30/11,1.21
10,9,9,10/31/11,3.29
11,9,9,11/30/11,6.24
12,9,9,12/31/11,2.1
1,10,9,1/31/12,6.66
2,10,9,2/29/12,3.69
3,10,9,3/31/12,8.22
4,10,9,4/30/12,2.8
5,10,9,5/31/12,2.65
6,10,9,6/30/12,3.11
7,10,9,7/31/12,1.37
8,10,9,8/31/12,0
9,10,9,9/30/12,0.08
10,10,9,10/31/12,6.54
11,10,9,11/30/12,8.14
12,10,9,12/31/12,9.3
1,11,9,1/31/13,3.93
2,11,9,2/28/13,1.78
3,11,9,3/31/13,2.75
4,11,9,4/30/13,5.14
5,11,9,5/31/13,1.95
6,11,9,6/30/13,1.74
7,11,9,7/31/13,0.09
8,11,9,8/31/13,1.24
9,11,9,9/30/13,5.91
10,11,9,10/31/13,1.76
11,11,9,11/30/13,3.54
12,11,9,12/31/13,1.57
1,12,9,1/31/14,3.93
2,12,9,2/28/14,6.27
3,12,9,3/31/14,9.24
4,12,9,4/30/14,4.47
5,12,9,5/31/14,3.14
6,12,9,6/30/14,0.79
7,12,9,7/31/14,1.09
8,12,9,8/31/14,1.48
9,12,9,9/30/14,2.61
10,12,9,10/31/14,7.21
11,12,9,11/30/14,4.44
12,12,9,12/31/14,5.24
1,1,10,1/31/03,6.58
2,1,10,2/28/03,1.37
3,1,10,3/31/03,4.01
4,1,10,4/30/03,2.34
5,1,10,5/31/03,1.45
6,1,10,6/30/03,0.82
7,1,10,7/31/03,0.2
8,1,10,8/31/03,0.3
9,1,10,9/30/03,0.73
10,1,10,10/31/03,6.64
11,1,10,11/30/03,5.3
12,1,10,12/31/03,3.72
1,2,10,1/31/04,6.67
2,2,10,2/29/04,2.45
3,2,10,3/31/04,1.93
4,2,10,4/30/04,0.7
5,2,10,5/31/04,2.86
6,2,10,6/30/04,0.63
7,2,10,7/31/04,0.35
8,2,10,8/31/04,3.03
9,2,10,9/30/04,1.57
10,2,10,10/31/04,1.85
11,2,10,11/30/04,2.28
12,2,10,12/31/04,4.49
1,3,10,1/31/05,3.03
2,3,10,2/28/05,0.77
3,3,10,3/31/05,2.62
4,3,10,4/30/05,2.34
5,3,10,5/31/05,2.56
6,3,10,6/30/05,1.31
7,3,10,7/31/05,0.6
8,3,10,8/31/05,0.13
9,3,10,9/30/05,0.96
10,3,10,10/31/05,2.02
11,3,10,11/30/05,4.45
12,3,10,12/31/05,6.16
1,4,10,1/31/06,8.67
2,4,10,2/28/06,2.54
3,4,10,3/31/06,1.38
4,4,10,4/30/06,1.73
5,4,10,5/31/06,0.92
6,4,10,6/30/06,1.3
7,4,10,7/31/06,0.08
8,4,10,8/31/06,0.18
9,4,10,9/30/06,1.2
10,4,10,10/31/06,1.22
11,4,10,11/30/06,11.02
12,4,10,12/31/06,7.26
1,5,10,1/31/07,3.46
2,5,10,2/28/07,1.48
3,5,10,3/31/07,2.17
4,5,10,4/30/07,0
5,5,10,5/31/07,0
6,5,10,6/30/07,0.39
7,5,10,7/31/07,1.22
8,5,10,8/31/07,0.66
9,5,10,9/30/07,1.96
10,5,10,10/31/07,2.25
11,5,10,11/30/07,2.81
12,5,10,12/31/07,9.46
1,6,10,1/31/08,3.88
2,6,10,2/29/08,0.93
3,6,10,3/31/08,3.64
4,6,10,4/30/08,1.87
5,6,10,5/31/08,0.6
6,6,10,6/30/08,1.85
7,6,10,7/31/08,0.19
8,6,10,8/31/08,2.73
9,6,10,9/30/08,0.57
10,6,10,10/31/08,1.87
11,6,10,11/30/08,4.73
12,6,10,12/31/08,3.14
1,7,10,1/31/09,3.53
2,7,10,2/28/09,1.61
3,7,10,3/31/09,3.11
4,7,10,4/30/09,2.43
5,7,10,5/31/09,4.05
6,7,10,6/30/09,0.1
7,7,10,7/31/09,0.09
8,7,10,8/31/09,0.78
9,7,10,9/30/09,2.47
10,7,10,10/31/09,5.01
11,7,10,11/30/09,7.93
12,7,10,12/31/09,2.27
1,8,10,1/31/10,6.58
2,8,10,2/28/10,3.54
3,8,10,3/31/10,2.78
4,8,10,4/30/10,3.16
5,8,10,5/31/10,3.05
6,8,10,6/30/10,1.87
7,8,10,7/31/10,0.22
8,8,10,8/31/10,0.67
9,8,10,9/30/10,3.98
10,8,10,10/31/10,3.95
11,8,10,11/30/10,4.46
12,8,10,12/31/10,8.36
1,9,10,1/31/11,4.77
2,9,10,2/28/11,3.18
3,9,10,3/31/11,5.97
4,9,10,4/30/11,3.06
5,9,10,5/31/11,3.31
6,9,10,6/30/11,1.28
7,9,10,7/31/11,0.85
8,9,10,8/31/11,0.02
9,9,10,9/30/11,0.99
10,9,10,10/31/11,2.6
11,9,10,11/30/11,5.27
12,9,10,12/31/11,1.62
1,10,10,1/31/12,4.59
2,10,10,2/29/12,2.4
3,10,10,3/31/12,6.19
4,10,10,4/30/12,2.09
5,10,10,5/31/12,2.51
6,10,10,6/30/12,2.58
7,10,10,7/31/12,1.22
8,10,10,8/31/12,0
9,10,10,9/30/12,0.06
10,10,10,10/31/12,5.5
11,10,10,11/30/12,8.02
12,10,10,12/31/12,8.36
1,11,10,1/31/13,3.32
2,11,10,2/28/13,1.33
3,11,10,3/31/13,2.52
4,11,10,4/30/13,4.18
5,11,10,5/31/13,1.47
6,11,10,6/30/13,1.44
7,11,10,7/31/13,0
8,11,10,8/31/13,1.2
9,11,10,9/30/13,4.73
10,11,10,10/31/13,0.76
11,11,10,11/30/13,2.31
12,11,10,12/31/13,0.95
1,12,10,1/31/14,3.99
2,12,10,2/28/14,5.33
3,12,10,3/31/14,8.04
4,12,10,4/30/14,2.7
5,12,10,5/31/14,2.38
6,12,10,6/30/14,0.75
7,12,10,7/31/14,0.75
8,12,10,8/31/14,1.23
9,12,10,9/30/14,3.35
10,12,10,10/31/14,6.41
11,12,10,11/30/14,4.63
12,12,10,12/31/14,5.41
1,1,11,1/31/03,7.58
2,1,11,2/28/03,1.47
3,1,11,3/31/03,5.16
4,1,11,4/30/03,2.44
5,1,11,5/31/03,1.63
6,1,11,6/30/03,0.87
7,1,11,7/31/03,0.21
8,1,11,8/31/03,0.57
9,1,11,9/30/03,0.63
10,1,11,10/31/03,6.99
11,1,11,11/30/03,5.93
12,1,11,12/31/03,4.58
1,2,11,1/31/04,6.77
2,2,11,2/29/04,2.45
3,2,11,3/31/04,1.93
4,2,11,4/30/04,0.7
5,2,11,5/31/04,2.86
6,2,11,6/30/04,0.63
7,2,11,7/31/04,0.35
8,2,11,8/31/04,3.03
9,2,11,9/30/04,1.57
10,2,11,10/31/04,2.59
11,2,11,11/30/04,2.56
12,2,11,12/31/04,4.77
1,3,11,1/31/05,3.3
2,3,11,2/28/05,0.87
3,3,11,3/31/05,2.48
4,3,11,4/30/05,3.24
5,3,11,5/31/05,1.98
6,3,11,6/30/05,1.44
7,3,11,7/31/05,0.53
8,3,11,8/31/05,0.56
9,3,11,9/30/05,1.22
10,3,11,10/31/05,2.72
11,3,11,11/30/05,5.6
12,3,11,12/31/05,8.09
1,4,11,1/31/06,10.11
2,4,11,2/28/06,2.66
3,4,11,3/31/06,1.2
4,4,11,4/30/06,1.78
5,4,11,5/31/06,0.94
6,4,11,6/30/06,1.11
7,4,11,7/31/06,0.06
8,4,11,8/31/06,0.21
9,4,11,9/30/06,0.97
10,4,11,10/31/06,1.31
11,4,11,11/30/06,10.94
12,4,11,12/31/06,7.02
1,5,11,1/31/07,3.23
2,5,11,2/28/07,1.57
3,5,11,3/31/07,2.99
4,5,11,4/30/07,0.77
5,5,11,5/31/07,0.1
6,5,11,6/30/07,0.34
7,5,11,7/31/07,1.29
8,5,11,8/31/07,0.78
9,5,11,9/30/07,1.97
10,5,11,10/31/07,3.04
11,5,11,11/30/07,3.37
12,5,11,12/31/07,10.49
1,6,11,1/31/08,4.16
2,6,11,2/29/08,1.01
3,6,11,3/31/08,3.66
4,6,11,4/30/08,1.81
5,6,11,5/31/08,0.5
6,6,11,6/30/08,2.09
7,6,11,7/31/08,0.39
8,6,11,8/31/08,3.18
9,6,11,9/30/08,0.64
10,6,11,10/31/08,2.01
11,6,11,11/30/08,5.3
12,6,11,12/31/08,3.63
1,7,11,1/31/09,3.83
2,7,11,2/28/09,1.78
3,7,11,3/31/09,3.44
4,7,11,4/30/09,2.67
5,7,11,5/31/09,4.81
6,7,11,6/30/09,0.14
7,7,11,7/31/09,0.2
8,7,11,8/31/09,0.95
9,7,11,9/30/09,2.2
10,7,11,10/31/09,5.4
11,7,11,11/30/09,9.17
12,7,11,12/31/09,2.5
1,8,11,1/31/10,7.4
2,8,11,2/28/10,3.91
3,8,11,3/31/10,3.39
4,8,11,4/30/10,2.84
5,8,11,5/31/10,3.93
6,8,11,6/30/10,1.96
7,8,11,7/31/10,0.21
8,8,11,8/31/10,0.69
9,8,11,9/30/10,4.22
10,8,11,10/31/10,4.22
11,8,11,11/30/10,4.79
12,8,11,12/31/10,8.87
1,9,11,1/31/11,4.81
2,9,11,2/28/11,3.4
3,9,11,3/31/11,7.23
4,9,11,4/30/11,2.95
5,9,11,5/31/11,3.14
6,9,11,6/30/11,1.15
7,9,11,7/31/11,0.9
8,9,11,8/31/11,0.05
9,9,11,9/30/11,1.11
10,9,11,10/31/11,2.78
11,9,11,11/30/11,5.87
12,9,11,12/31/11,1.75
1,10,11,1/31/12,4.89
2,10,11,2/29/12,2.62
3,10,11,3/31/12,6.09
4,10,11,4/30/12,2.02
5,10,11,5/31/12,2.13
6,10,11,6/30/12,3.05
7,10,11,7/31/12,1.97
8,10,11,8/31/12,0
9,10,11,9/30/12,0.16
10,10,11,10/31/12,5.99
11,10,11,11/30/12,8.89
12,10,11,12/31/12,9.04
1,11,11,1/31/13,3.64
2,11,11,2/28/13,1.45
3,11,11,3/31/13,2.6
4,11,11,4/30/13,4.95
5,11,11,5/31/13,1.93
6,11,11,6/30/13,1.55
7,11,11,7/31/13,0
8,11,11,8/31/13,1.15
9,11,11,9/30/13,5.63
10,11,11,10/31/13,1.31
11,11,11,11/30/13,2.75
12,11,11,12/31/13,1.01
1,12,11,1/31/14,4.6
2,12,11,2/28/14,5.85
3,12,11,3/31/14,8.87
4,12,11,4/30/14,2.78
5,12,11,5/31/14,2.71
6,12,11,6/30/14,0.95
7,12,11,7/31/14,0.96
8,12,11,8/31/14,1.25
9,12,11,9/30/14,2.52
10,12,11,10/31/14,7.07
11,12,11,11/30/14,4.8
12,12,11,12/31/14,5.93
1,1,12,1/31/03,5.72
2,1,12,2/28/03,1.33
3,1,12,3/31/03,4.57
4,1,12,4/30/03,2.14
5,1,12,5/31/03,0.81
6,1,12,6/30/03,0.72
7,1,12,7/31/03,0.15
8,1,12,8/31/03,0.47
9,1,12,9/30/03,0.79
10,1,12,10/31/03,6.52
11,1,12,11/30/03,4.8
12,1,12,12/31/03,2.93
1,2,12,1/31/04,5.22
2,2,12,2/29/04,2.23
3,2,12,3/31/04,2.13
4,2,12,4/30/04,0.53
5,2,12,5/31/04,2.1
6,2,12,6/30/04,0.57
7,2,12,7/31/04,0.3
8,2,12,8/31/04,2.89
9,2,12,9/30/04,2.24
10,2,12,10/31/04,1.44
11,2,12,11/30/04,2.04
12,2,12,12/31/04,4.2
1,3,12,1/31/05,3.46
2,3,12,2/28/05,0.51
3,3,12,3/31/05,3.36
4,3,12,4/30/05,0.21
5,3,12,5/31/05,3.36
6,3,12,6/30/05,1.4
7,3,12,7/31/05,0.42
8,3,12,8/31/05,0.07
9,3,12,9/30/05,0.71
10,3,12,10/31/05,1.39
11,3,12,11/30/05,3.18
12,3,12,12/31/05,6.36
1,4,12,1/31/06,4.65
2,4,12,2/28/06,2.18
3,4,12,3/31/06,0.91
4,4,12,4/30/06,1.8
5,4,12,5/31/06,0.84
6,4,12,6/30/06,1.46
7,4,12,7/31/06,0.05
8,4,12,8/31/06,0.03
9,4,12,9/30/06,0.88
10,4,12,10/31/06,0.52
11,4,12,11/30/06,9.4
12,4,12,12/31/06,6.73
1,5,12,1/31/07,2.81
2,5,12,2/28/07,1.54
3,5,12,3/31/07,2.34
4,5,12,4/30/07,0.79
5,5,12,5/31/07,0.07
6,5,12,6/30/07,0.46
7,5,12,7/31/07,1.28
8,5,12,8/31/07,0.97
9,5,12,9/30/07,2.17
10,5,12,10/31/07,2.71
11,5,12,11/30/07,3.45
12,5,12,12/31/07,10.91
1,6,12,1/31/08,3.82
2,6,12,2/29/08,1.04
3,6,12,3/31/08,3.66
4,6,12,4/30/08,1.82
5,6,12,5/31/08,0.7
6,6,12,6/30/08,1.43
7,6,12,7/31/08,0.32
8,6,12,8/31/08,2.97
9,6,12,9/30/08,0.5
10,6,12,10/31/08,2.27
11,6,12,11/30/08,5.45
12,6,12,12/31/08,3.46
1,7,12,1/31/09,4.37
2,7,12,2/28/09,1.59
3,7,12,3/31/09,3.32
4,7,12,4/30/09,2.97
5,7,12,5/31/09,4.41
6,7,12,6/30/09,0.16
7,7,12,7/31/09,0.08
8,7,12,8/31/09,1.09
9,7,12,9/30/09,2.12
10,7,12,10/31/09,4.99
11,7,12,11/30/09,9.86
12,7,12,12/31/09,2.77
1,8,12,1/31/10,8.13
2,8,12,2/28/10,4.36
3,8,12,3/31/10,3.25
4,8,12,4/30/10,3.39
5,8,12,5/31/10,4.24
6,8,12,6/30/10,1.88
7,8,12,7/31/10,0.43
8,8,12,8/31/10,0.59
9,8,12,9/30/10,4.39
10,8,12,10/31/10,4.72
11,8,12,11/30/10,5.15
12,8,12,12/31/10,9.71
1,9,12,1/31/11,5.38
2,9,12,2/28/11,3.41
3,9,12,3/31/11,6.9
4,9,12,4/30/11,3.95
5,9,12,5/31/11,3.35
6,9,12,6/30/11,1.63
7,9,12,7/31/11,0.8
8,9,12,8/31/11,0.03
9,9,12,9/30/11,1.3
10,9,12,10/31/11,2.66
11,9,12,11/30/11,6.18
12,9,12,12/31/11,2.05
1,10,12,1/31/12,5.79
2,10,12,2/29/12,2.67
3,10,12,3/31/12,6.75
4,10,12,4/30/12,2.37
5,10,12,5/31/12,2.86
6,10,12,6/30/12,2.85
7,10,12,7/31/12,1.1
8,10,12,8/31/12,0
9,10,12,9/30/12,0.07
10,10,12,10/31/12,6.37
11,10,12,11/30/12,8.88
12,10,12,12/31/12,9.22
1,11,12,1/31/13,4.03
2,11,12,2/28/13,1.68
3,11,12,3/31/13,3
4,11,12,4/30/13,4.2
5,11,12,5/31/13,1.84
6,11,12,6/30/13,1.67
7,11,12,7/31/13,0
8,11,12,8/31/13,0.82
9,11,12,9/30/13,5.37
10,11,12,10/31/13,1.52
11,11,12,11/30/13,2.85
12,11,12,12/31/13,1.35
1,12,12,1/31/14,4.5
2,12,12,2/28/14,6.03
3,12,12,3/31/14,8.81
4,12,12,4/30/14,2.84
5,12,12,5/31/14,2.76
6,12,12,6/30/14,0.56
7,12,12,7/31/14,0.69
8,12,12,8/31/14,1.15
9,12,12,9/30/14,2.83
10,12,12,10/31/14,6.87
11,12,12,11/30/14,5.25
12,12,12,12/31/14,5.86
1,1,13,1/31/03,7.47
2,1,13,2/28/03,1.19
3,1,13,3/31/03,5.5
4,1,13,4/30/03,2.47
5,1,13,5/31/03,0.23
6,1,13,6/30/03,0.27
7,1,13,7/31/03,0.14
8,1,13,8/31/03,0.18
9,1,13,9/30/03,0.35
10,1,13,10/31/03,3.66
11,1,13,11/30/03,3.43
12,1,13,12/31/03,3.31
1,2,13,1/31/04,4.96
2,2,13,2/29/04,2.76
3,2,13,3/31/04,1.97
4,2,13,4/30/04,0.38
5,2,13,5/31/04,2.58
6,2,13,6/30/04,0.54
7,2,13,7/31/04,0.3
8,2,13,8/31/04,2.75
9,2,13,9/30/04,2.24
10,2,13,10/31/04,1.77
11,2,13,11/30/04,2.48
12,2,13,12/31/04,4.79
1,3,13,1/31/05,3.46
2,3,13,2/28/05,0.51
3,3,13,3/31/05,3.36
4,3,13,4/30/05,0.21
5,3,13,5/31/05,3.36
6,3,13,6/30/05,1.4
7,3,13,7/31/05,0.42
8,3,13,8/31/05,0.07
9,3,13,9/30/05,0.71
10,3,13,10/31/05,1.39
11,3,13,11/30/05,3.18
12,3,13,12/31/05,6.36
1,4,13,1/31/06,4.65
2,4,13,2/28/06,2.18
3,4,13,3/31/06,0.91
4,4,13,4/30/06,1.8
5,4,13,5/31/06,0.84
6,4,13,6/30/06,1.46
7,4,13,7/31/06,0.05
8,4,13,8/31/06,0.03
9,4,13,9/30/06,0.88
10,4,13,10/31/06,0.52
11,4,13,11/30/06,9.4
12,4,13,12/31/06,6.73
1,5,13,1/31/07,2.8
2,5,13,2/28/07,1.54
3,5,13,3/31/07,2.09
4,5,13,4/30/07,0.05
5,5,13,5/31/07,0
6,5,13,6/30/07,0.53
7,5,13,7/31/07,1.34
8,5,13,8/31/07,0.94
9,5,13,9/30/07,2.27
10,5,13,10/31/07,2.6
11,5,13,11/30/07,2.95
12,5,13,12/31/07,9.32
1,6,13,1/31/08,3.09
2,6,13,2/29/08,1.11
3,6,13,3/31/08,3.67
4,6,13,4/30/08,1.74
5,6,13,5/31/08,0.78
6,6,13,6/30/08,1.29
7,6,13,7/31/08,0.19
8,6,13,8/31/08,2.74
9,6,13,9/30/08,0.5
10,6,13,10/31/08,2.01
11,6,13,11/30/08,4.98
12,6,13,12/31/08,3.04
1,7,13,1/31/09,3.24
2,7,13,2/28/09,1.42
3,7,13,3/31/09,2.7
4,7,13,4/30/09,2.41
5,7,13,5/31/09,3.86
6,7,13,6/30/09,0.21
7,7,13,7/31/09,0.1
8,7,13,8/31/09,0.88
9,7,13,9/30/09,2.05
10,7,13,10/31/09,5.13
11,7,13,11/30/09,9.34
12,7,13,12/31/09,2.34
1,8,13,1/31/10,6.7
2,8,13,2/28/10,3.62
3,8,13,3/31/10,3.02
4,8,13,4/30/10,3.31
5,8,13,5/31/10,2.74
6,8,13,6/30/10,1.9
7,8,13,7/31/10,0.25
8,8,13,8/31/10,0.55
9,8,13,9/30/10,3.78
10,8,13,10/31/10,4.74
11,8,13,11/30/10,4.55
12,8,13,12/31/10,8.89
1,9,13,1/31/11,4.73
2,9,13,2/28/11,2.94
3,9,13,3/31/11,5.84
4,9,13,4/30/11,3.79
5,9,13,5/31/11,3.23
6,9,13,6/30/11,1.28
7,9,13,7/31/11,0.72
8,9,13,8/31/11,0.04
9,9,13,9/30/11,1.2
10,9,13,10/31/11,2.23
11,9,13,11/30/11,5.33
12,9,13,12/31/11,1.72
1,10,13,1/31/12,4.9
2,10,13,2/29/12,2.72
3,10,13,3/31/12,6.37
4,10,13,4/30/12,2.35
5,10,13,5/31/12,2.34
6,10,13,6/30/12,2.83
7,10,13,7/31/12,1.04
8,10,13,8/31/12,0
9,10,13,9/30/12,0.05
10,10,13,10/31/12,5.94
11,10,13,11/30/12,7.74
12,10,13,12/31/12,8.35
1,11,13,1/31/13,3.32
2,11,13,2/28/13,1.6
3,11,13,3/31/13,2.79
4,11,13,4/30/13,3.96
5,11,13,5/31/13,1.5
6,11,13,6/30/13,1.45
7,11,13,7/31/13,0
8,11,13,8/31/13,0.98
9,11,13,9/30/13,5.67
10,11,13,10/31/13,1.1
11,11,13,11/30/13,2.85
12,11,13,12/31/13,1.11
1,12,13,1/31/14,3.4
2,12,13,2/28/14,5.55
3,12,13,3/31/14,7.93
4,12,13,4/30/14,2.84
5,12,13,5/31/14,2.76
6,12,13,6/30/14,0.56
7,12,13,7/31/14,0.69
8,12,13,8/31/14,1.15
9,12,13,9/30/14,2.83
10,12,13,10/31/14,6.58
11,12,13,11/30/14,4.41
12,12,13,12/31/14,5.43
1,1,14,1/31/03,8.32
2,1,14,2/28/03,1.21
3,1,14,3/31/03,5.61
4,1,14,4/30/03,1.33
5,1,14,5/31/03,0.58
6,1,14,6/30/03,0.52
7,1,14,7/31/03,0.21
8,1,14,8/31/03,0.3
9,1,14,9/30/03,1.3
10,1,14,10/31/03,7.47
11,1,14,11/30/03,6.08
12,1,14,12/31/03,4.98
1,2,14,1/31/04,4.96
2,2,14,2/29/04,2.79
3,2,14,3/31/04,1.97
4,2,14,4/30/04,0.38
5,2,14,5/31/04,1.87
6,2,14,6/30/04,0.57
7,2,14,7/31/04,0.3
8,2,14,8/31/04,2.93
9,2,14,9/30/04,2.24
10,2,14,10/31/04,2.12
11,2,14,11/30/04,2.58
12,2,14,12/31/04,4.75
1,3,14,1/31/05,3.66
2,3,14,2/28/05,1.12
3,3,14,3/31/05,3
4,3,14,4/30/05,3.72
5,3,14,5/31/05,2.47
6,3,14,6/30/05,2.53
7,3,14,7/31/05,0.81
8,3,14,8/31/05,0.39
9,3,14,9/30/05,0.85
10,3,14,10/31/05,0.66
11,3,14,11/30/05,3.9
12,3,14,12/31/05,6.51
1,4,14,1/31/06,10.48
2,4,14,2/28/06,3.09
3,4,14,3/31/06,1.47
4,4,14,4/30/06,2.23
5,4,14,5/31/06,1.33
6,4,14,6/30/06,2.05
7,4,14,7/31/06,0.03
8,4,14,8/31/06,0.03
9,4,14,9/30/06,1.54
10,4,14,10/31/06,1.18
11,4,14,11/30/06,12.98
12,4,14,12/31/06,7.3
1,5,14,1/31/07,4.01
2,5,14,2/28/07,2.22
3,5,14,3/31/07,3.48
4,5,14,4/30/07,0
5,5,14,5/31/07,0.01
6,5,14,6/30/07,0.63
7,5,14,7/31/07,1.42
8,5,14,8/31/07,1.16
9,5,14,9/30/07,2.48
10,5,14,10/31/07,2.7
11,5,14,11/30/07,3.54
12,5,14,12/31/07,10.68
1,6,14,1/31/08,3.09
2,6,14,2/29/08,1.17
3,6,14,3/31/08,4.27
4,6,14,4/30/08,1.59
5,6,14,5/31/08,1.13
6,6,14,6/30/08,1.87
7,6,14,7/31/08,0.32
8,6,14,8/31/08,3.01
9,6,14,9/30/08,0.6
10,6,14,10/31/08,1.98
11,6,14,11/30/08,5.94
12,6,14,12/31/08,4.06
1,7,14,1/31/09,4.27
2,7,14,2/28/09,1.88
3,7,14,3/31/09,3.83
4,7,14,4/30/09,2.86
5,7,14,5/31/09,4.36
6,7,14,6/30/09,0.22
7,7,14,7/31/09,0.05
8,7,14,8/31/09,0.99
9,7,14,9/30/09,2.29
10,7,14,10/31/09,5.88
11,7,14,11/30/09,10.1
12,7,14,12/31/09,2.83
1,8,14,1/31/10,6.82
2,8,14,2/28/10,3.66
3,8,14,3/31/10,3.57
4,8,14,4/30/10,3.78
5,8,14,5/31/10,3.1
6,8,14,6/30/10,2.18
7,8,14,7/31/10,0.21
8,8,14,8/31/10,0.6
9,8,14,9/30/10,4.1
10,8,14,10/31/10,4.94
11,8,14,11/30/10,5.21
12,8,14,12/31/10,10.25
1,9,14,1/31/11,5.38
2,9,14,2/28/11,3.45
3,9,14,3/31/11,6.78
4,9,14,4/30/11,4.27
5,9,14,5/31/11,3.1
6,9,14,6/30/11,1.32
7,9,14,7/31/11,0.86
8,9,14,8/31/11,0.07
9,9,14,9/30/11,1.17
10,9,14,10/31/11,2.49
11,9,14,11/30/11,5.86
12,9,14,12/31/11,1.92
1,10,14,1/31/12,5.89
2,10,14,2/29/12,3.53
3,10,14,3/31/12,7.75
4,10,14,4/30/12,2.32
5,10,14,5/31/12,2.56
6,10,14,6/30/12,2.82
7,10,14,7/31/12,1.05
8,10,14,8/31/12,0
9,10,14,9/30/12,0.03
10,10,14,10/31/12,6.34
11,10,14,11/30/12,7.98
12,10,14,12/31/12,9.48
1,11,14,1/31/13,3.6
2,11,14,2/28/13,1.73
3,11,14,3/31/13,2.96
4,11,14,4/30/13,4.33
5,11,14,5/31/13,1.57
6,11,14,6/30/13,1.2
7,11,14,7/31/13,0.02
8,11,14,8/31/13,1.05
9,11,14,9/30/13,5.25
10,11,14,10/31/13,1.44
11,11,14,11/30/13,2.99
12,11,14,12/31/13,1.21
1,12,14,1/31/14,3.68
2,12,14,2/28/14,6.28
3,12,14,3/31/14,8.17
4,12,14,4/30/14,3.43
5,12,14,5/31/14,2.88
6,12,14,6/30/14,0.56
7,12,14,7/31/14,0.72
8,12,14,8/31/14,1.17
9,12,14,9/30/14,2.27
10,12,14,10/31/14,5.83
11,12,14,11/30/14,3.72
12,12,14,12/31/14,4.6
1,1,15,1/31/03,9.69
2,1,15,2/28/03,1.52
3,1,15,3/31/03,5.62
4,1,15,4/30/03,3.31
5,1,15,5/31/03,0.77
6,1,15,6/30/03,0.66
7,1,15,7/31/03,0.17
8,1,15,8/31/03,0.49
9,1,15,9/30/03,1.14
10,1,15,10/31/03,8.41
11,1,15,11/30/03,7.45
12,1,15,12/31/03,4.47
1,2,15,1/31/04,5.86
2,2,15,2/29/04,3.17
3,2,15,3/31/04,2.1
4,2,15,4/30/04,0.38
5,2,15,5/31/04,1.74
6,2,15,6/30/04,0.57
7,2,15,7/31/04,0.3
8,2,15,8/31/04,2.93
9,2,15,9/30/04,2.24
10,2,15,10/31/04,2.38
11,2,15,11/30/04,2.76
12,2,15,12/31/04,4.79
1,3,15,1/31/05,3.91
2,3,15,2/28/05,1.33
3,3,15,3/31/05,3.51
4,3,15,4/30/05,4.14
5,3,15,5/31/05,3.37
6,3,15,6/30/05,2.18
7,3,15,7/31/05,1.04
8,3,15,8/31/05,0.72
9,3,15,9/30/05,0.92
10,3,15,10/31/05,2.72
11,3,15,11/30/05,5.66
12,3,15,12/31/05,7.6
1,4,15,1/31/06,11.66
2,4,15,2/28/06,3.41
3,4,15,3/31/06,1.57
4,4,15,4/30/06,2.66
5,4,15,5/31/06,1.35
6,4,15,6/30/06,2.01
7,4,15,7/31/06,0.03
8,4,15,8/31/06,0.03
9,4,15,9/30/06,1.64
10,4,15,10/31/06,1.15
11,4,15,11/30/06,13.19
12,4,15,12/31/06,8.52
1,5,15,1/31/07,5.06
2,5,15,2/28/07,2.12
3,5,15,3/31/07,3.49
4,5,15,4/30/07,0
5,5,15,5/31/07,0.01
6,5,15,6/30/07,0.63
7,5,15,7/31/07,1.42
8,5,15,8/31/07,1.16
9,5,15,9/30/07,2.48
10,5,15,10/31/07,2.7
11,5,15,11/30/07,3.54
12,5,15,12/31/07,10.68
1,6,15,1/31/08,3.98
2,6,15,2/29/08,1.37
3,6,15,3/31/08,4.37
4,6,15,4/30/08,2.23
5,6,15,5/31/08,1.58
6,6,15,6/30/08,2.01
7,6,15,7/31/08,0.43
8,6,15,8/31/08,3.43
9,6,15,9/30/08,0.59
10,6,15,10/31/08,2.33
11,6,15,11/30/08,6.17
12,6,15,12/31/08,4.31
1,7,15,1/31/09,5.15
2,7,15,2/28/09,1.63
3,7,15,3/31/09,3.56
4,7,15,4/30/09,2.99
5,7,15,5/31/09,4.32
6,7,15,6/30/09,0.36
7,7,15,7/31/09,0.1
8,7,15,8/31/09,1.07
9,7,15,9/30/09,2.25
10,7,15,10/31/09,5.81
11,7,15,11/30/09,9.74
12,7,15,12/31/09,2.99
1,8,15,1/31/10,6.97
2,8,15,2/28/10,3.52
3,8,15,3/31/10,3.26
4,8,15,4/30/10,3.75
5,8,15,5/31/10,3.16
6,8,15,6/30/10,2.24
7,8,15,7/31/10,0.34
8,8,15,8/31/10,0.64
9,8,15,9/30/10,4.1
10,8,15,10/31/10,4.73
11,8,15,11/30/10,4.88
12,8,15,12/31/10,9.18
1,9,15,1/31/11,4.65
2,9,15,2/28/11,2.99
3,9,15,3/31/11,6.33
4,9,15,4/30/11,4
5,9,15,5/31/11,3.06
6,9,15,6/30/11,1.31
7,9,15,7/31/11,0.86
8,9,15,8/31/11,0.07
9,9,15,9/30/11,1.43
10,9,15,10/31/11,2.94
11,9,15,11/30/11,5.82
12,9,15,12/31/11,2.19
1,10,15,1/31/12,6.05
2,10,15,2/29/12,3.51
3,10,15,3/31/12,7.36
4,10,15,4/30/12,2.67
5,10,15,5/31/12,2.37
6,10,15,6/30/12,2.95
7,10,15,7/31/12,1.98
8,10,15,8/31/12,0
9,10,15,9/30/12,0.05
10,10,15,10/31/12,6.73
11,10,15,11/30/12,7.95
12,10,15,12/31/12,9.05
1,11,15,1/31/13,3.33
2,11,15,2/28/13,1.55
3,11,15,3/31/13,2.89
4,11,15,4/30/13,4.31
5,11,15,5/31/13,1.72
6,11,15,6/30/13,1.34
7,11,15,7/31/13,0.01
8,11,15,8/31/13,1.26
9,11,15,9/30/13,4.97
10,11,15,10/31/13,1.81
11,11,15,11/30/13,3.1
12,11,15,12/31/13,1.4
1,12,15,1/31/14,3.72
2,12,15,2/28/14,5.84
3,12,15,3/31/14,8.26
4,12,15,4/30/14,2.84
5,12,15,5/31/14,2.94
6,12,15,6/30/14,0.65
7,12,15,7/31/14,0.76
8,12,15,8/31/14,1.35
9,12,15,9/30/14,2.39
10,12,15,10/31/14,5.85
11,12,15,11/30/14,3.43
12,12,15,12/31/14,4.38
1,1,16,1/31/03,7.66
2,1,16,2/28/03,1.09
3,1,16,3/31/03,5.49
4,1,16,4/30/03,1.74
5,1,16,5/31/03,0.85
6,1,16,6/30/03,0.59
7,1,16,7/31/03,0.01
8,1,16,8/31/03,0.25
9,1,16,9/30/03,1.22
10,1,16,10/31/03,7.47
11,1,16,11/30/03,6.08
12,1,16,12/31/03,4.32
1,2,16,1/31/04,5.31
2,2,16,2/29/04,2.53
3,2,16,3/31/04,2.5
4,2,16,4/30/04,0.38
5,2,16,5/31/04,2.84
6,2,16,6/30/04,0.57
7,2,16,7/31/04,0.3
8,2,16,8/31/04,2.9
9,2,16,9/30/04,2.24
10,2,16,10/31/04,2.08
11,2,16,11/30/04,3.01
12,2,16,12/31/04,4.83
1,3,16,1/31/05,2.11
2,3,16,2/28/05,1.08
3,3,16,3/31/05,3.03
4,3,16,4/30/05,3.77
5,3,16,5/31/05,3.09
6,3,16,6/30/05,2.4
7,3,16,7/31/05,0.95
8,3,16,8/31/05,0.49
9,3,16,9/30/05,1.25
10,3,16,10/31/05,2.41
11,3,16,11/30/05,5.15
12,3,16,12/31/05,6.55
1,4,16,1/31/06,10.66
2,4,16,2/28/06,3.01
3,4,16,3/31/06,1.47
4,4,16,4/30/06,2.25
5,4,16,5/31/06,1.25
6,4,16,6/30/06,1.83
7,4,16,7/31/06,0.1
8,4,16,8/31/06,0.07
9,4,16,9/30/06,1.67
10,4,16,10/31/06,1.36
11,4,16,11/30/06,13.4
12,4,16,12/31/06,7.37
1,5,16,1/31/07,4.48
2,5,16,2/28/07,2.75
3,5,16,3/31/07,4.28
4,5,16,4/30/07,0.96
5,5,16,5/31/07,0.12
6,5,16,6/30/07,0.64
7,5,16,7/31/07,1.42
8,5,16,8/31/07,1.23
9,5,16,9/30/07,2.45
10,5,16,10/31/07,2.69
11,5,16,11/30/07,3.46
12,5,16,12/31/07,9.5
1,6,16,1/31/08,3.53
2,6,16,2/29/08,1.39
3,6,16,3/31/08,4.09
4,6,16,4/30/08,1.71
5,6,16,5/31/08,1.33
6,6,16,6/30/08,1.64
7,6,16,7/31/08,0.51
8,6,16,8/31/08,3.49
9,6,16,9/30/08,0.74
10,6,16,10/31/08,2.18
11,6,16,11/30/08,6.08
12,6,16,12/31/08,3.94
1,7,16,1/31/09,4.44
2,7,16,2/28/09,1.86
3,7,16,3/31/09,3.53
4,7,16,4/30/09,3.18
5,7,16,5/31/09,4.4
6,7,16,6/30/09,0.23
7,7,16,7/31/09,0.06
8,7,16,8/31/09,1.08
9,7,16,9/30/09,2.42
10,7,16,10/31/09,6.21
11,7,16,11/30/09,10.92
12,7,16,12/31/09,3.07
1,8,16,1/31/10,7.53
2,8,16,2/28/10,3.7
3,8,16,3/31/10,4.49
4,8,16,4/30/10,3.86
5,8,16,5/31/10,3.62
6,8,16,6/30/10,2.43
7,8,16,7/31/10,0.46
8,8,16,8/31/10,0.65
9,8,16,9/30/10,4.04
10,8,16,10/31/10,4.86
11,8,16,11/30/10,5.06
12,8,16,12/31/10,9.27
1,9,16,1/31/11,5.82
2,9,16,2/28/11,3.58
3,9,16,3/31/11,6.72
4,9,16,4/30/11,4.09
5,9,16,5/31/11,2.93
6,9,16,6/30/11,1.38
7,9,16,7/31/11,0.82
8,9,16,8/31/11,0.08
9,9,16,9/30/11,1.15
10,9,16,10/31/11,3.24
11,9,16,11/30/11,5.83
12,9,16,12/31/11,1.98
1,10,16,1/31/12,5.95
2,10,16,2/29/12,3.34
3,10,16,3/31/12,7.49
4,10,16,4/30/12,2.52
5,10,16,5/31/12,2.55
6,10,16,6/30/12,3.16
7,10,16,7/31/12,1.34
8,10,16,8/31/12,0
9,10,16,9/30/12,0.06
10,10,16,10/31/12,6.53
11,10,16,11/30/12,8.19
12,10,16,12/31/12,9.07
1,11,16,1/31/13,3.92
2,11,16,2/28/13,1.78
3,11,16,3/31/13,2.69
4,11,16,4/30/13,4.67
5,11,16,5/31/13,1.79
6,11,16,6/30/13,1.46
7,11,16,7/31/13,0.14
8,11,16,8/31/13,1.15
9,11,16,9/30/13,5.61
10,11,16,10/31/13,1.72
11,11,16,11/30/13,3.25
12,11,16,12/31/13,1.37
1,12,16,1/31/14,4.06
2,12,16,2/28/14,6.21
3,12,16,3/31/14,8.84
4,12,16,4/30/14,3.53
5,12,16,5/31/14,2.9
6,12,16,6/30/14,0.69
7,12,16,7/31/14,0.99
8,12,16,8/31/14,1.53
9,12,16,9/30/14,2.68
10,12,16,10/31/14,7.25
11,12,16,11/30/14,4.41
12,12,16,12/31/14,5.29
1,1,17,1/31/03,7.17
2,1,17,2/28/03,1.34
3,1,17,3/31/03,4.89
4,1,17,4/30/03,2.01
5,1,17,5/31/03,1.47
6,1,17,6/30/03,0.87
7,1,17,7/31/03,0
8,1,17,8/31/03,0.24
9,1,17,9/30/03,0.54
10,1,17,10/31/03,7.14
11,1,17,11/30/03,5.71
12,1,17,12/31/03,3.63
1,2,17,1/31/04,5.83
2,2,17,2/29/04,2.49
3,2,17,3/31/04,2.03
4,2,17,4/30/04,0.47
5,2,17,5/31/04,2.68
6,2,17,6/30/04,0.63
7,2,17,7/31/04,0.3
8,2,17,8/31/04,3.2
9,2,17,9/30/04,1.35
10,2,17,10/31/04,1.7
11,2,17,11/30/04,2.77
12,2,17,12/31/04,4.72
1,3,17,1/31/05,3.11
2,3,17,2/28/05,0.9
3,3,17,3/31/05,2.81
4,3,17,4/30/05,2.76
5,3,17,5/31/05,2.98
6,3,17,6/30/05,1.49
7,3,17,7/31/05,0.94
8,3,17,8/31/05,0.18
9,3,17,9/30/05,1.55
10,3,17,10/31/05,2.05
11,3,17,11/30/05,4.81
12,3,17,12/31/05,6.56
1,4,17,1/31/06,9.51
2,4,17,2/28/06,2.69
3,4,17,3/31/06,1.29
4,4,17,4/30/06,1.76
5,4,17,5/31/06,1.42
6,4,17,6/30/06,1.55
7,4,17,7/31/06,0.06
8,4,17,8/31/06,0.24
9,4,17,9/30/06,1.4
10,4,17,10/31/06,1.46
11,4,17,11/30/06,11.64
12,4,17,12/31/06,8.16
1,5,17,1/31/07,3.3
2,5,17,2/28/07,1.91
3,5,17,3/31/07,3.11
4,5,17,4/30/07,1.62
5,5,17,5/31/07,0.09
6,5,17,6/30/07,0.15
7,5,17,7/31/07,1.38
8,5,17,8/31/07,0.88
9,5,17,9/30/07,2.19
10,5,17,10/31/07,2.45
11,5,17,11/30/07,2.98
12,5,17,12/31/07,9.47
1,6,17,1/31/08,4.01
2,6,17,2/29/08,1.43
3,6,17,3/31/08,4.03
4,6,17,4/30/08,1.97
5,6,17,5/31/08,0.74
6,6,17,6/30/08,2.07
7,6,17,7/31/08,0.32
8,6,17,8/31/08,3.5
9,6,17,9/30/08,0.74
10,6,17,10/31/08,2.43
11,6,17,11/30/08,5.15
12,6,17,12/31/08,3.89
1,7,17,1/31/09,3.66
2,7,17,2/28/09,1.69
3,7,17,3/31/09,3.23
4,7,17,4/30/09,2.87
5,7,17,5/31/09,4.03
6,7,17,6/30/09,0.21
7,7,17,7/31/09,0.08
8,7,17,8/31/09,0.86
9,7,17,9/30/09,2.54
10,7,17,10/31/09,5.06
11,7,17,11/30/09,8.75
12,7,17,12/31/09,2.34
1,8,17,1/31/10,6.61
2,8,17,2/28/10,3.56
3,8,17,3/31/10,2.99
4,8,17,4/30/10,2.96
5,8,17,5/31/10,2.73
6,8,17,6/30/10,2.02
7,8,17,7/31/10,0.34
8,8,17,8/31/10,0.72
9,8,17,9/30/10,3.89
10,8,17,10/31/10,4.35
11,8,17,11/30/10,4.45
12,8,17,12/31/10,8.16
1,9,17,1/31/11,4.97
2,9,17,2/28/11,3.32
3,9,17,3/31/11,6.06
4,9,17,4/30/11,3.77
5,9,17,5/31/11,2.95
6,9,17,6/30/11,1.65
7,9,17,7/31/11,0.74
8,9,17,8/31/11,0.06
9,9,17,9/30/11,1.15
10,9,17,10/31/11,2.96
11,9,17,11/30/11,5.45
12,9,17,12/31/11,1.69
1,10,17,1/31/12,5.21
2,10,17,2/29/12,2.55
3,10,17,3/31/12,6.36
4,10,17,4/30/12,2.39
5,10,17,5/31/12,2.33
6,10,17,6/30/12,3.28
7,10,17,7/31/12,1.42
8,10,17,8/31/12,0
9,10,17,9/30/12,0.11
10,10,17,10/31/12,5.53
11,10,17,11/30/12,7.93
12,10,17,12/31/12,8.37
1,11,17,1/31/13,4.03
2,11,17,2/28/13,1.47
3,11,17,3/31/13,2.53
4,11,17,4/30/13,4.38
5,11,17,5/31/13,1.54
6,11,17,6/30/13,1.71
7,11,17,7/31/13,0.15
8,11,17,8/31/13,1.08
9,11,17,9/30/13,5.5
10,11,17,10/31/13,1
11,11,17,11/30/13,2.9
12,11,17,12/31/13,1.47
1,12,17,1/31/14,4.34
2,12,17,2/28/14,5.87
3,12,17,3/31/14,8.51
4,12,17,4/30/14,3.11
5,12,17,5/31/14,2.62
6,12,17,6/30/14,1.08
7,12,17,7/31/14,0.67
8,12,17,8/31/14,1.35
9,12,17,9/30/14,3.41
10,12,17,10/31/14,6.71
11,12,17,11/30/14,5.13
12,12,17,12/31/14,5.92